번호,QR번호,QR주소,파일명
1,GJ-GK-001-STORE0001,https://wooriapt.ai.kr/72?qr=GJ-GK-001-STORE0001,GJ-GK-001-STORE0001.png
2,GJ-GK-002-STORE0001,https://wooriapt.ai.kr/72?qr=GJ-GK-002-STORE0001,GJ-GK-002-STORE0001.png
3,GJ-GK-003-STORE0001,https://wooriapt.ai.kr/72?qr=GJ-GK-003-STORE0001,GJ-GK-003-STORE0001.png
4,GJ-GK-004-STORE0001,https://wooriapt.ai.kr/72?qr=GJ-GK-004-STORE0001,GJ-GK-004-STORE0001.png
5,GJ-GK-005-STORE0001,https://wooriapt.ai.kr/72?qr=GJ-GK-005-STORE0001,GJ-GK-005-STORE0001.png
6,GJ-GK-006-STORE0001,https://wooriapt.ai.kr/72?qr=GJ-GK-006-STORE0001,GJ-GK-006-STORE0001.png
7,GJ-GK-007-STORE0001,https://wooriapt.ai.kr/72?qr=GJ-GK-007-STORE0001,GJ-GK-007-STORE0001.png
8,GJ-GK-008-STORE0001,https://wooriapt.ai.kr/72?qr=GJ-GK-008-STORE0001,GJ-GK-008-STORE0001.png
9,GJ-GK-009-STORE0001,https://wooriapt.ai.kr/72?qr=GJ-GK-009-STORE0001,GJ-GK-009-STORE0001.png
10,GJ-GK-010-STORE0001,https://wooriapt.ai.kr/72?qr=GJ-GK-010-STORE0001,GJ-GK-010-STORE0001.png
11,GJ-GK-011-STORE0001,https://wooriapt.ai.kr/72?qr=GJ-GK-011-STORE0001,GJ-GK-011-STORE0001.png
12,GJ-GK-012-STORE0001,https://wooriapt.ai.kr/72?qr=GJ-GK-012-STORE0001,GJ-GK-012-STORE0001.png
13,GJ-GK-013-STORE0001,https://wooriapt.ai.kr/72?qr=GJ-GK-013-STORE0001,GJ-GK-013-STORE0001.png
14,GJ-GK-014-STORE0001,https://wooriapt.ai.kr/72?qr=GJ-GK-014-STORE0001,GJ-GK-014-STORE0001.png
15,GJ-GK-015-STORE0001,https://wooriapt.ai.kr/72?qr=GJ-GK-015-STORE0001,GJ-GK-015-STORE0001.png
16,GJ-GK-016-STORE0001,https://wooriapt.ai.kr/72?qr=GJ-GK-016-STORE0001,GJ-GK-016-STORE0001.png
17,GJ-GK-017-STORE0001,https://wooriapt.ai.kr/72?qr=GJ-GK-017-STORE0001,GJ-GK-017-STORE0001.png
18,GJ-GK-018-STORE0001,https://wooriapt.ai.kr/72?qr=GJ-GK-018-STORE0001,GJ-GK-018-STORE0001.png
19,GJ-GK-019-STORE0001,https://wooriapt.ai.kr/72?qr=GJ-GK-019-STORE0001,GJ-GK-019-STORE0001.png
20,GJ-GK-020-STORE0001,https://wooriapt.ai.kr/72?qr=GJ-GK-020-STORE0001,GJ-GK-020-STORE0001.png
21,GJ-GK-021-STORE0001,https://wooriapt.ai.kr/72?qr=GJ-GK-021-STORE0001,GJ-GK-021-STORE0001.png
22,GJ-GK-022-STORE0001,https://wooriapt.ai.kr/72?qr=GJ-GK-022-STORE0001,GJ-GK-022-STORE0001.png
23,GJ-GK-023-STORE0001,https://wooriapt.ai.kr/72?qr=GJ-GK-023-STORE0001,GJ-GK-023-STORE0001.png
24,GJ-GK-024-STORE0001,https://wooriapt.ai.kr/72?qr=GJ-GK-024-STORE0001,GJ-GK-024-STORE0001.png
25,GJ-GK-025-STORE0001,https://wooriapt.ai.kr/72?qr=GJ-GK-025-STORE0001,GJ-GK-025-STORE0001.png
26,GJ-GK-026-STORE0001,https://wooriapt.ai.kr/72?qr=GJ-GK-026-STORE0001,GJ-GK-026-STORE0001.png
27,GJ-GK-027-STORE0001,https://wooriapt.ai.kr/72?qr=GJ-GK-027-STORE0001,GJ-GK-027-STORE0001.png
28,GJ-GK-028-STORE0001,https://wooriapt.ai.kr/72?qr=GJ-GK-028-STORE0001,GJ-GK-028-STORE0001.png
29,GJ-GK-029-STORE0001,https://wooriapt.ai.kr/72?qr=GJ-GK-029-STORE0001,GJ-GK-029-STORE0001.png
30,GJ-GK-030-STORE0001,https://wooriapt.ai.kr/72?qr=GJ-GK-030-STORE0001,GJ-GK-030-STORE0001.png
31,GJ-GK-031-STORE0001,https://wooriapt.ai.kr/72?qr=GJ-GK-031-STORE0001,GJ-GK-031-STORE0001.png
32,GJ-GK-032-STORE0001,https://wooriapt.ai.kr/72?qr=GJ-GK-032-STORE0001,GJ-GK-032-STORE0001.png
33,GJ-GK-033-STORE0001,https://wooriapt.ai.kr/72?qr=GJ-GK-033-STORE0001,GJ-GK-033-STORE0001.png
34,GJ-GK-034-STORE0001,https://wooriapt.ai.kr/72?qr=GJ-GK-034-STORE0001,GJ-GK-034-STORE0001.png
35,GJ-GK-035-STORE0001,https://wooriapt.ai.kr/72?qr=GJ-GK-035-STORE0001,GJ-GK-035-STORE0001.png
36,GJ-GK-036-STORE0001,https://wooriapt.ai.kr/72?qr=GJ-GK-036-STORE0001,GJ-GK-036-STORE0001.png
37,GJ-GK-037-STORE0001,https://wooriapt.ai.kr/72?qr=GJ-GK-037-STORE0001,GJ-GK-037-STORE0001.png
38,GJ-GK-038-STORE0001,https://wooriapt.ai.kr/72?qr=GJ-GK-038-STORE0001,GJ-GK-038-STORE0001.png
39,GJ-GK-039-STORE0001,https://wooriapt.ai.kr/72?qr=GJ-GK-039-STORE0001,GJ-GK-039-STORE0001.png
40,GJ-GK-040-STORE0001,https://wooriapt.ai.kr/72?qr=GJ-GK-040-STORE0001,GJ-GK-040-STORE0001.png
41,GJ-GK-041-STORE0001,https://wooriapt.ai.kr/72?qr=GJ-GK-041-STORE0001,GJ-GK-041-STORE0001.png
42,GJ-GK-042-STORE0001,https://wooriapt.ai.kr/72?qr=GJ-GK-042-STORE0001,GJ-GK-042-STORE0001.png
43,GJ-GK-043-STORE0001,https://wooriapt.ai.kr/72?qr=GJ-GK-043-STORE0001,GJ-GK-043-STORE0001.png
44,GJ-GK-044-STORE0001,https://wooriapt.ai.kr/72?qr=GJ-GK-044-STORE0001,GJ-GK-044-STORE0001.png
45,GJ-GK-045-STORE0001,https://wooriapt.ai.kr/72?qr=GJ-GK-045-STORE0001,GJ-GK-045-STORE0001.png
46,GJ-GK-046-STORE0001,https://wooriapt.ai.kr/72?qr=GJ-GK-046-STORE0001,GJ-GK-046-STORE0001.png
47,GJ-GK-047-STORE0001,https://wooriapt.ai.kr/72?qr=GJ-GK-047-STORE0001,GJ-GK-047-STORE0001.png
48,GJ-GK-048-STORE0001,https://wooriapt.ai.kr/72?qr=GJ-GK-048-STORE0001,GJ-GK-048-STORE0001.png
49,GJ-GK-049-STORE0001,https://wooriapt.ai.kr/72?qr=GJ-GK-049-STORE0001,GJ-GK-049-STORE0001.png
50,GJ-GK-050-STORE0001,https://wooriapt.ai.kr/72?qr=GJ-GK-050-STORE0001,GJ-GK-050-STORE0001.png
51,GJ-GK-051-STORE0001,https://wooriapt.ai.kr/72?qr=GJ-GK-051-STORE0001,GJ-GK-051-STORE0001.png
52,GJ-GK-052-STORE0001,https://wooriapt.ai.kr/72?qr=GJ-GK-052-STORE0001,GJ-GK-052-STORE0001.png
53,GJ-GK-053-STORE0001,https://wooriapt.ai.kr/72?qr=GJ-GK-053-STORE0001,GJ-GK-053-STORE0001.png
54,GJ-GK-054-STORE0001,https://wooriapt.ai.kr/72?qr=GJ-GK-054-STORE0001,GJ-GK-054-STORE0001.png
55,GJ-GK-055-STORE0001,https://wooriapt.ai.kr/72?qr=GJ-GK-055-STORE0001,GJ-GK-055-STORE0001.png
56,GJ-GK-056-STORE0001,https://wooriapt.ai.kr/72?qr=GJ-GK-056-STORE0001,GJ-GK-056-STORE0001.png
57,GJ-GK-057-STORE0001,https://wooriapt.ai.kr/72?qr=GJ-GK-057-STORE0001,GJ-GK-057-STORE0001.png
58,GJ-GK-058-STORE0001,https://wooriapt.ai.kr/72?qr=GJ-GK-058-STORE0001,GJ-GK-058-STORE0001.png
59,GJ-GK-059-STORE0001,https://wooriapt.ai.kr/72?qr=GJ-GK-059-STORE0001,GJ-GK-059-STORE0001.png
60,GJ-GK-060-STORE0001,https://wooriapt.ai.kr/72?qr=GJ-GK-060-STORE0001,GJ-GK-060-STORE0001.png
61,GJ-GK-061-STORE0001,https://wooriapt.ai.kr/72?qr=GJ-GK-061-STORE0001,GJ-GK-061-STORE0001.png
62,GJ-GK-062-STORE0001,https://wooriapt.ai.kr/72?qr=GJ-GK-062-STORE0001,GJ-GK-062-STORE0001.png
63,GJ-GK-063-STORE0001,https://wooriapt.ai.kr/72?qr=GJ-GK-063-STORE0001,GJ-GK-063-STORE0001.png
64,GJ-GK-064-STORE0001,https://wooriapt.ai.kr/72?qr=GJ-GK-064-STORE0001,GJ-GK-064-STORE0001.png
65,GJ-GK-065-STORE0001,https://wooriapt.ai.kr/72?qr=GJ-GK-065-STORE0001,GJ-GK-065-STORE0001.png
66,GJ-GK-066-STORE0001,https://wooriapt.ai.kr/72?qr=GJ-GK-066-STORE0001,GJ-GK-066-STORE0001.png
67,GJ-GK-067-STORE0001,https://wooriapt.ai.kr/72?qr=GJ-GK-067-STORE0001,GJ-GK-067-STORE0001.png
68,GJ-GK-068-STORE0001,https://wooriapt.ai.kr/72?qr=GJ-GK-068-STORE0001,GJ-GK-068-STORE0001.png
69,GJ-GK-069-STORE0001,https://wooriapt.ai.kr/72?qr=GJ-GK-069-STORE0001,GJ-GK-069-STORE0001.png
70,GJ-GK-070-STORE0001,https://wooriapt.ai.kr/72?qr=GJ-GK-070-STORE0001,GJ-GK-070-STORE0001.png
71,GJ-GK-071-STORE0001,https://wooriapt.ai.kr/72?qr=GJ-GK-071-STORE0001,GJ-GK-071-STORE0001.png
72,GJ-GK-072-STORE0001,https://wooriapt.ai.kr/72?qr=GJ-GK-072-STORE0001,GJ-GK-072-STORE0001.png
73,GJ-GK-073-STORE0001,https://wooriapt.ai.kr/72?qr=GJ-GK-073-STORE0001,GJ-GK-073-STORE0001.png
74,GJ-GK-074-STORE0001,https://wooriapt.ai.kr/72?qr=GJ-GK-074-STORE0001,GJ-GK-074-STORE0001.png
75,GJ-GK-075-STORE0001,https://wooriapt.ai.kr/72?qr=GJ-GK-075-STORE0001,GJ-GK-075-STORE0001.png
76,GJ-GK-076-STORE0001,https://wooriapt.ai.kr/72?qr=GJ-GK-076-STORE0001,GJ-GK-076-STORE0001.png
77,GJ-GK-077-STORE0001,https://wooriapt.ai.kr/72?qr=GJ-GK-077-STORE0001,GJ-GK-077-STORE0001.png
78,GJ-GK-078-STORE0001,https://wooriapt.ai.kr/72?qr=GJ-GK-078-STORE0001,GJ-GK-078-STORE0001.png
79,GJ-GK-079-STORE0001,https://wooriapt.ai.kr/72?qr=GJ-GK-079-STORE0001,GJ-GK-079-STORE0001.png
80,GJ-GK-080-STORE0001,https://wooriapt.ai.kr/72?qr=GJ-GK-080-STORE0001,GJ-GK-080-STORE0001.png
81,GJ-GK-081-STORE0001,https://wooriapt.ai.kr/72?qr=GJ-GK-081-STORE0001,GJ-GK-081-STORE0001.png
82,GJ-GK-082-STORE0001,https://wooriapt.ai.kr/72?qr=GJ-GK-082-STORE0001,GJ-GK-082-STORE0001.png
83,GJ-GK-083-STORE0001,https://wooriapt.ai.kr/72?qr=GJ-GK-083-STORE0001,GJ-GK-083-STORE0001.png
84,GJ-GK-084-STORE0001,https://wooriapt.ai.kr/72?qr=GJ-GK-084-STORE0001,GJ-GK-084-STORE0001.png
85,GJ-GK-085-STORE0001,https://wooriapt.ai.kr/72?qr=GJ-GK-085-STORE0001,GJ-GK-085-STORE0001.png
86,GJ-GK-086-STORE0001,https://wooriapt.ai.kr/72?qr=GJ-GK-086-STORE0001,GJ-GK-086-STORE0001.png
87,GJ-GK-087-STORE0001,https://wooriapt.ai.kr/72?qr=GJ-GK-087-STORE0001,GJ-GK-087-STORE0001.png
88,GJ-GK-088-STORE0001,https://wooriapt.ai.kr/72?qr=GJ-GK-088-STORE0001,GJ-GK-088-STORE0001.png
89,GJ-GK-089-STORE0001,https://wooriapt.ai.kr/72?qr=GJ-GK-089-STORE0001,GJ-GK-089-STORE0001.png
90,GJ-GK-090-STORE0001,https://wooriapt.ai.kr/72?qr=GJ-GK-090-STORE0001,GJ-GK-090-STORE0001.png
91,GJ-GK-091-STORE0001,https://wooriapt.ai.kr/72?qr=GJ-GK-091-STORE0001,GJ-GK-091-STORE0001.png
92,GJ-GK-092-STORE0001,https://wooriapt.ai.kr/72?qr=GJ-GK-092-STORE0001,GJ-GK-092-STORE0001.png
93,GJ-GK-093-STORE0001,https://wooriapt.ai.kr/72?qr=GJ-GK-093-STORE0001,GJ-GK-093-STORE0001.png
94,GJ-GK-094-STORE0001,https://wooriapt.ai.kr/72?qr=GJ-GK-094-STORE0001,GJ-GK-094-STORE0001.png
95,GJ-GK-095-STORE0001,https://wooriapt.ai.kr/72?qr=GJ-GK-095-STORE0001,GJ-GK-095-STORE0001.png
96,GJ-GK-096-STORE0001,https://wooriapt.ai.kr/72?qr=GJ-GK-096-STORE0001,GJ-GK-096-STORE0001.png
97,GJ-GK-097-STORE0001,https://wooriapt.ai.kr/72?qr=GJ-GK-097-STORE0001,GJ-GK-097-STORE0001.png
98,GJ-GK-098-STORE0001,https://wooriapt.ai.kr/72?qr=GJ-GK-098-STORE0001,GJ-GK-098-STORE0001.png
99,GJ-GK-099-STORE0001,https://wooriapt.ai.kr/72?qr=GJ-GK-099-STORE0001,GJ-GK-099-STORE0001.png
100,GJ-GK-100-STORE0001,https://wooriapt.ai.kr/72?qr=GJ-GK-100-STORE0001,GJ-GK-100-STORE0001.png
